{"cameraMode":{"drawMode":0,"name":"Shaded","section":"Shading Mode"},"sceneLighting":true,"audioPlay":false,"sceneViewState":{"m_AlwaysRefresh":false,"showFog":true,"showSkybox":true,"showFlares":true,"showImageEffects":true,"showParticleSystems":true,"showVisualEffectGraphs":true,"m_FxEnabled":true},"in2DMode":false,"pivot":{"x":10.746074676513672,"y":148.67100524902345,"z":4.676441192626953},"rotation":{"x":-0.06095457822084427,"y":0.4932200312614441,"z":0.03468870744109154,"w":0.8670797944068909},"size":21.999038696289064,"orthographic":false}