{"cameraMode":{"drawMode":0,"name":"Shaded","section":"Shading Mode"},"sceneLighting":true,"audioPlay":false,"sceneViewState":{"m_AlwaysRefresh":false,"showFog":true,"showSkybox":true,"showFlares":true,"showImageEffects":true,"showParticleSystems":true,"showVisualEffectGraphs":true,"m_FxEnabled":true},"in2DMode":false,"pivot":{"x":6.806297302246094,"y":0.11217498779296875,"z":10.452425956726075},"rotation":{"x":-0.08890904486179352,"y":-0.16710782051086427,"z":0.015129506587982178,"w":-0.9818073511123657},"size":13.993219375610352,"orthographic":false}